model,Correction Percentage
mistral-7b,0.4258373205741627
bison-001,0.2727272727272727
gpt-4,0.7990430622009569
llama2-70b,0.7942583732057417
