model,Correction Percentage
gpt-4,0.7942583732057417
llama2-70b,0.8038277511961722
