,mistral-7b,llama2-70b,vicuna-7b,koala-13b,wizardlm-13b,vicuna-13b,chatglm2,oasst-12b,baichuan-13b,llama2-13b,llama2-7b,chatgpt,gpt-4,ernie,vicuna-33b
level_1,0.30275611708459715,0.41349695657629626,-0.5760431199321762,0.14549542719936412,0.28505226553344815,,-0.01912553059141561,0.28574734646186684,-0.14967718148002548,,0.46770436176676156,0.6516249011908182,0.5780980633571167,0.545484732265649,0.7564186506297285
level_2,0.4685813342872703,0.4843144364326642,0.3732671382632889,0.18476442496783035,0.18329994625395532,0.3667842228743218,0.2467095639399654,-0.16146351535287742,0.5673020328777961,0.17039506461808243,0.10053879618981523,0.6646197160712085,0.6343992974406013,0.47309584129345383,0.4422038359760398
