model, total, rta, rate
mistral-7b, 0.8602941176470589
bison-001, 0.0014705882352941176
