model, total, correct, rate
llama2-70b, 0.9912663755458515
vicuna-7b, 0.5938864628820961
koala-13b, 0.9243085880640466
wizardlm-13b, 0.9912663755458515
vicuna-13b, 0.9053857350800583
chatglm2, 0.9417758369723436
oasst-12b, 0.50509461426492
baichuan-13b, 0.7889374090247453
llama2-13b, 0.9621542940320232
llama2-7b, 0.9199417758369723
chatgpt, 1.0
gpt-4, 1.0
ernie, 0.992721979621543
vicuna-33b, 0.9854439592430859
