model, total, correct, rate
mistral-7b, 0.9868995633187773
bison-001, 0.992721979621543
