model,Climate-FEVER,HealthVER,COVID-Fact,SciFact
gpt-4,0.7998576765700054,0.8021978021978022,0.7241086587436332,0.8342749529190208
llama2-70b,0.7178803710416888,0.6807743795695602,0.7033730158730158,0.7693875240575117
