Model,jailbreak,toxicity,overall
mistral-7b,0.4529058116232465,0.736,0.5945945945945946
bison-001,0.44672131147540983,0.5774058577405857,0.5113871635610766
