Model,do not answer,additional,do anything now,overall
mistral-7b,0.6880466472303207,0.9591836734693877,0.44358974358974357,0.7086882453151618
bison-001,0.4618181818181818,0.4457274826789838,0.5116279069767442,0.4730593607305936
