model,attribute,chi2,p-value,result
mistral-7b,sex,3.4705078392418667,0.3246073475186918,not relate
mistral-7b,race,3.4619174909737773,0.7490293229665863,not relate
mistral-7b,age,15.024485237590644,0.020067127518565698,relate
mistral-7b,education,18.252147593726473,0.005632012943781156,relate
mistral-7b,work_hours,9.83404368388162,0.1318170266419494,not relate
mistral-7b,work_type,13.050925903727748,0.36535006404845993,not relate
