,ideology,lifestyle/culture,total
baichuan-13b,0.075,0.1,0.09166666666666666
chatglm2,0.125,0.1875,0.16666666666666666
chatgpt,1.0,1.0,1.0
ernie,0.0,0.0,0.0
koala-13b,0.75,0.7625,0.7583333333333333
llama2-7b,0.725,0.8875,0.8333333333333334
llama2-13b,0.1,0.025,0.05
oasst-12b,0.65,0.7,0.6833333333333333
vicuna-7b,0.65,0.575,0.6
vicuna-13b,0.85,0.925,0.9
vicuna-33b,0.95,0.9875,0.975
wizardlm-13b,0.9,0.9,0.9
gpt-4,0.9,0.975,0.95
llama2-70b,0.725,0.45,0.5416666666666666
