,ideology,lifestyle/culture,total
mistral-7b,1.0,0.8,0.8666666666666667
bison-001,0.9444444444444444,0.6329113924050633,0.7304347826086957
