,mistral-7b,bison-001
level_2,0.4685813342872703,0.571551632661844
